Datetime,Water Level (m)
2025-12-24 12:00:00,0.19757491
2025-12-24 13:00:00,0.23074163
2025-12-24 14:00:00,0.1350042
2025-12-24 15:00:00,-0.0061411816
2025-12-24 16:00:00,-0.14173804
2025-12-24 17:00:00,-0.2892467
2025-12-24 18:00:00,-0.4357214
2025-12-24 19:00:00,-0.5618691
2025-12-24 20:00:00,-0.58751494
2025-12-24 21:00:00,-0.3778682
2025-12-24 22:00:00,-0.17885663
2025-12-24 23:00:00,0.110209435
2025-12-25 00:00:00,0.32871726
2025-12-25 01:00:00,0.47341004
2025-12-25 02:00:00,0.41869488
2025-12-25 03:00:00,0.2745574
2025-12-25 04:00:00,0.1119914
2025-12-25 05:00:00,-0.056238238
2025-12-25 06:00:00,-0.22948065
2025-12-25 07:00:00,-0.406083
2025-12-25 08:00:00,-0.53422636
2025-12-25 09:00:00,-0.55475116
2025-12-25 10:00:00,-0.3912067
2025-12-25 11:00:00,-0.23256299
2025-12-25 12:00:00,-0.02171587
2025-12-25 13:00:00,0.13384946
2025-12-25 14:00:00,0.21215312
2025-12-25 15:00:00,0.13636649
2025-12-25 16:00:00,0.014205634
2025-12-25 17:00:00,-0.12018863
2025-12-25 18:00:00,-0.270653
2025-12-25 19:00:00,-0.4215481
2025-12-25 20:00:00,-0.5422693
2025-12-25 21:00:00,-0.4806435
2025-12-25 22:00:00,-0.27350977
2025-12-25 23:00:00,-0.06902773
2025-12-26 00:00:00,0.17854781
2025-12-26 01:00:00,0.34739485
2025-12-26 02:00:00,0.43581447
2025-12-26 03:00:00,0.33229947
2025-12-26 04:00:00,0.19768262
2025-12-26 05:00:00,0.04511289
2025-12-26 06:00:00,-0.11447606
2025-12-26 07:00:00,-0.28713194
2025-12-26 08:00:00,-0.44627622
2025-12-26 09:00:00,-0.5619916
2025-12-26 10:00:00,-0.52794504
2025-12-26 11:00:00,-0.34944615
2025-12-26 12:00:00,-0.17079784
2025-12-26 13:00:00,0.0486073
2025-12-26 14:00:00,0.18418857
2025-12-26 15:00:00,0.23276982
2025-12-26 16:00:00,0.1395075
2025-12-26 17:00:00,0.020361789
2025-12-26 18:00:00,-0.113059886
2025-12-26 19:00:00,-0.25776243
2025-12-26 20:00:00,-0.4012748
2025-12-26 21:00:00,-0.482633
2025-12-26 22:00:00,-0.35493982
2025-12-26 23:00:00,-0.18243632
2025-12-27 00:00:00,0.010227039
2025-12-27 01:00:00,0.20396756
2025-12-27 02:00:00,0.33853334
2025-12-27 03:00:00,0.37361476
2025-12-27 04:00:00,0.2578766
2025-12-27 05:00:00,0.12850322
2025-12-27 06:00:00,-0.018355917
2025-12-27 07:00:00,-0.17234136
2025-12-27 08:00:00,-0.33953312
2025-12-27 09:00:00,-0.4833671
2025-12-27 10:00:00,-0.5727388
2025-12-27 11:00:00,-0.48698995
2025-12-27 12:00:00,-0.31966478
2025-12-27 13:00:00,-0.12513557
2025-12-27 14:00:00,0.08187822
2025-12-27 15:00:00,0.225774
2025-12-27 16:00:00,0.2804829
2025-12-27 17:00:00,0.18925084
2025-12-27 18:00:00,0.07121843
2025-12-27 19:00:00,-0.06704511
2025-12-27 20:00:00,-0.21202421
2025-12-27 21:00:00,-0.35809952
2025-12-27 22:00:00,-0.43936178
2025-12-27 23:00:00,-0.3249421
2025-12-28 00:00:00,-0.17026258
2025-12-28 01:00:00,0.0013793277
2025-12-28 02:00:00,0.1493358
2025-12-28 03:00:00,0.24568425
2025-12-28 04:00:00,0.25226286
2025-12-28 05:00:00,0.14622004
2025-12-28 06:00:00,0.026780918
2025-12-28 07:00:00,-0.10708045
2025-12-28 08:00:00,-0.25563172
2025-12-28 09:00:00,-0.40816426
2025-12-28 10:00:00,-0.5375335
2025-12-28 11:00:00,-0.616342
2025-12-28 12:00:00,-0.52365625
2025-12-28 13:00:00,-0.34898973
2025-12-28 14:00:00,-0.1429761
2025-12-28 15:00:00,0.07907493
2025-12-28 16:00:00,0.23944996
2025-12-28 17:00:00,0.31820342
2025-12-28 18:00:00,0.23413682
2025-12-28 19:00:00,0.112941384
2025-12-28 20:00:00,-0.026028408
2025-12-28 21:00:00,-0.17032367
2025-12-28 22:00:00,-0.3167444
2025-12-28 23:00:00,-0.41263574
2025-12-29 00:00:00,-0.36387956
2025-12-29 01:00:00,-0.21826653
2025-12-29 02:00:00,-0.09096763
2025-12-29 03:00:00,0.047294557
2025-12-29 04:00:00,0.12966123
2025-12-29 05:00:00,0.15346679
2025-12-29 06:00:00,0.068273254
2025-12-29 07:00:00,-0.040623233
2025-12-29 08:00:00,-0.16661902
2025-12-29 09:00:00,-0.30829018
2025-12-29 10:00:00,-0.44968557
2025-12-29 11:00:00,-0.57905895
2025-12-29 12:00:00,-0.6496111
2025-12-29 13:00:00,-0.542921
2025-12-29 14:00:00,-0.36501715
2025-12-29 15:00:00,-0.14825495
2025-12-29 16:00:00,0.08188908
2025-12-29 17:00:00,0.2614031
2025-12-29 18:00:00,0.37585464
2025-12-29 19:00:00,0.31791854
2025-12-29 20:00:00,0.19679533
2025-12-29 21:00:00,0.055972256
2025-12-29 22:00:00,-0.096287005
2025-12-29 23:00:00,-0.25174296
2025-12-30 00:00:00,-0.39019978
2025-12-30 01:00:00,-0.43720382
2025-12-30 02:00:00,-0.32220137
2025-12-30 03:00:00,-0.19775496
2025-12-30 04:00:00,-0.061060667
2025-12-30 05:00:00,0.040506754
2025-12-30 06:00:00,0.08410931
2025-12-30 07:00:00,0.031426657
2025-12-30 08:00:00,-0.06849851
2025-12-30 09:00:00,-0.18707567
2025-12-30 10:00:00,-0.31988955
2025-12-30 11:00:00,-0.45838636
2025-12-30 12:00:00,-0.58935064
